{
    "drift": {
        "drift_intercept": 0.28878735488634083,
        "drift_scaling": 0.34282053762515463,
        "omega": 0.8966205713938687,
        "alpha": 0.6156588343358027
    },
    "noise": {
        "noise": 1
    },
    "bound": {
        "B": 1
    },
    "IC": {
        "x0": 0
    },
    "overlay": {
        "nondectime": 0
    }
}